accx,accy,accz,gyrx,gyry,gyrz
-1.2210429,-2.4588451,10.0341,0.10873401,-0.021991149,0.14538592
-0.45968673,-1.9680338,9.82341,0.1441642,0.002443461,0.11362094
1.2042835,-1.8195933,9.481039,0.13683382,0.040317107,0.118507855
0.09816227,-3.4715924,8.796297,0.1001819,0.037873644,0.14294247
-0.51235914,-2.9999347,9.018958,0.05375614,0.03176499,0.16126843
-0.46208093,-2.0566192,9.308656,-0.0061086523,0.008552114,0.13194689
-0.40222588,-2.1859062,9.442732,-0.10995574,-0.014660766,0.028099801
-0.34476504,-2.5330653,9.382876,-0.13683382,-0.008552114,0.028099801
-0.32800564,-2.44448,9.485827,-0.05375614,0.04520403,0.02076942
-0.2825158,-2.3199813,9.653421,-0.019547688,0.05497787,0.021991149
-0.35434186,-2.456451,9.718064,-0.021991149,0.036651913,-0.02565634
-0.2753332,-2.4947581,9.722853,-0.043982297,0.02443461,-0.056199603
-0.22984336,-2.3702598,9.744401,-0.10751228,0.0036651916,-0.04886922
-0.15322891,-2.3942018,9.694122,-0.13439035,-0.037873644,-0.010995574
-0.19871874,-2.360683,9.572019,-0.11362094,-0.039095376,-0.040317107
-0.16998832,-2.4875755,9.519346,-0.061086524,-0.0012217305,0.002443461
-0.12689269,-2.4779987,9.497798,-0.028099801,0.0,0.02565634
-0.21547815,-2.3918076,9.497798,-0.039095376,-0.018325957,0.035430185
-0.19871874,-2.4756045,9.519346,-0.042760566,-0.04520403,0.030543262
-0.18435353,-2.5330653,9.574412,-0.039095376,-0.037873644,0.015882496
-0.18435353,-2.6360161,9.64145,-0.009773844,-0.04642576,0.014660766
-0.22026655,-2.7102363,9.576807,0.032986723,-0.04520403,0.034208454
-0.18914193,-2.741361,9.603143,0.043982297,-0.05131268,0.032986723
-0.22026655,-2.6551697,9.631873,0.030543262,-0.058643065,0.021991149
-0.22984336,-2.6001031,9.68694,0.029321533,-0.04642576,0.009773844
-0.25617957,-2.6384103,9.622296,0.02076942,-0.04153884,0.002443461
-0.2681506,-2.7006595,9.5385,0.015882496,-0.034208454,-0.002443461
-0.19871874,-2.7341783,9.540894,0.02565634,-0.037873644,-0.018325957
-0.2633622,-2.8395233,9.461885,0.008552114,-0.052534413,-0.039095376
-0.260968,-2.779668,9.471462,-0.015882496,-0.06352998,-0.032986723
-0.30166942,-2.755726,9.52174,-0.02565634,-0.059864793,-0.0012217305
-0.24899697,-2.753332,9.445126,-0.039095376,-0.07696902,0.05375614
-0.24181437,-2.8275523,9.495404,-0.047647487,-0.059864793,0.0061086523
-0.31124622,-2.873042,9.569624,-0.034208454,-0.04886922,0.018325957
-0.31124622,-2.80361,9.651027,-0.015882496,-0.034208454,0.02565634
-0.31364042,-2.7341783,9.622296,-0.015882496,-0.037873644,0.037873644
-0.24181437,-2.7748797,9.572019,-0.040317107,-0.040317107,0.05009095
-0.32321724,-2.8083985,9.433155,-0.073303826,-0.05131268,0.05131268
-0.25857377,-2.8993783,9.346964,-0.04520403,-0.04520403,0.04520403
-0.28491,-2.8778305,9.330204,0.002443461,-0.02565634,0.06352998
-0.28491,-2.8299465,9.346964,0.039095376,-0.0036651916,0.065973446
-0.18435353,-2.755726,9.43076,0.05009095,-0.0012217305,0.057421334
-0.28491,-2.5761611,9.548077,0.062308256,-0.002443461,0.040317107
-0.23942018,-2.731784,9.481039,0.06352998,-0.0036651916,0.037873644
-0.2657564,-2.8179753,9.536105,0.06963864,-0.0036651916,0.03176499
-0.35194764,-2.7629087,9.586384,0.0720821,0.0036651916,0.017104227
-0.4309563,-2.7269957,9.698911,0.05009095,0.017104227,0.047647487
-0.46926352,-2.755726,9.672575,0.02321288,-0.0036651916,0.028099801
-0.5434838,-2.992752,9.7084875,0.02076942,-0.002443461,-0.028099801
-0.59136784,-2.9831753,9.794679,0.032986723,0.013439035,-0.02565634
-0.5626374,-2.5258827,9.821015,0.036651913,0.017104227,-0.017104227
-0.5793968,-2.3439236,9.77792,0.018325957,0.002443461,0.0012217305
-0.6344634,-2.2098482,9.835381,0.012217305,-0.002443461,0.028099801
-0.79966336,-2.123657,9.821015,0.04520403,0.0012217305,0.02443461
-0.8523358,-2.6288335,9.9790325,0.096516706,0.015882496,0.014660766
-0.8643068,-2.908955,9.871294,0.12705997,0.030543262,0.021991149
-0.830788,-2.9831753,10.204087,0.11484267,0.018325957,0.0061086523
-0.7350199,-3.0238767,10.754754,0.06352998,-0.0036651916,-0.0012217305
-0.7134721,-3.1890767,11.480197,-0.0012217305,-0.02687807,0.012217305
-0.47644615,-3.289633,12.270284,-0.040317107,-0.035430185,0.0036651916
-0.59376204,-2.4420857,12.751518,-0.043982297,-0.035430185,0.013439035
-0.7182605,-2.0638018,12.50731,0.007330383,-0.013439035,0.0012217305
-0.63206923,-3.3207579,11.444284,0.014660766,-0.009773844,0.02321288
-0.23702596,-4.5178585,10.505757,0.029321533,-0.015882496,0.03176499
-0.1340753,-4.7022123,10.381259,0.036651913,-0.010995574,0.010995574
-0.40462008,-4.003105,10.603919,0.035430185,-0.014660766,0.017104227
-0.19871874,-4.156334,9.301474,0.019547688,-0.017104227,0.03176499
-0.033518825,-4.570531,8.537724,0.02076942,-0.028099801,0.039095376
0.58657944,-5.437232,8.956709,0.004886922,-0.030543262,0.22724187
0.58657944,-5.437232,8.956709,0.05009095,-0.0720821,0.080634214
1.3862427,-5.463568,9.289502,0.010995574,-0.057421334,-0.012217305
1.4221559,-4.656722,10.0987425,0.062308256,-0.06841691,0.15149458
1.3000516,-3.857059,10.505757,0.07819075,-0.05131268,0.19914207
1.3623008,-3.25372,10.352529,0.04886922,-0.0842994,0.28221974
1.5131354,-3.016694,9.911995,-0.10873401,-0.13316862,0.14172074
0.59376204,-3.2273839,10.043676,-0.12950343,-0.15515977,0.15149458
-0.36152446,-2.4636335,10.328587,-0.047647487,-0.14172074,0.25534168
-0.14604631,-0.37110126,11.6908865,0.010995574,-0.14660765,0.22968534
0.06943185,0.79726917,12.167333,0.02321288,-0.14049901,0.22235495
0.12449849,-0.9888053,11.858481,0.02687807,-0.15882497,0.24312437
0.21787235,-2.8083985,9.921572,0.042760566,-0.16249016,0.24312437
0.32800564,-3.1196449,8.444349,0.037873644,-0.1563815,0.22968534
0.45250413,-4.7141833,7.575254,0.021991149,-0.1563815,0.21013765
1.1348516,-5.00867,5.5880666,0.0012217305,-0.1563815,0.19058995
1.5011644,-4.6016555,6.397307,-0.03176499,-0.15393804,0.17104226
1.1707647,-2.4971523,6.9982514,-0.057421334,-0.14049901,0.15760323
0.47884035,-1.3670892,6.4547677,-0.04642576,-0.12461651,0.14049901
0.059855044,-1.6256629,5.3127337,-0.008552114,-0.10751228,0.1282817
0.23463176,-2.2888567,3.7086184,0.02321288,-0.08307768,0.112399206
0.581791,-2.6384103,2.231396,0.037873644,-0.073303826,0.1001819
0.47165772,-3.0358477,1.3359646,0.0720821,-0.06352998,0.07574729
0.17477672,-3.3446999,0.7541735,0.08674286,-0.058643065,0.07086037
0.062249243,-3.3901896,0.011971008,0.1001819,-0.047647487,0.06719518
-0.21547815,-3.2752678,-0.39504328,0.07819075,-0.036651913,0.065973446
-0.35194764,-3.2345665,-0.14604631,0.040317107,-0.040317107,0.061086524
-0.6703765,-3.071761,0.15562311,0.014660766,-0.042760566,0.056199603
-0.8738836,-2.9712043,0.49081135,0.02321288,-0.036651913,0.059864793
-1.2641385,-3.3686419,1.0247183,0.05009095,-0.019547688,0.073303826
-1.4700398,-4.285621,2.099715,0.081855945,-0.018325957,0.08307768
-1.2378023,-5.446809,3.0119057,0.103847094,-0.02321288,0.081855945
-1.1348516,-6.4523735,3.6894648,0.119729586,-0.02443461,0.0842994
-1.055843,-7.261614,4.3143516,0.12705997,-0.02443461,0.089186326
-1.3575124,-7.357382,4.699818,0.12095132,-0.018325957,0.09896017
-1.5131354,-7.275979,5.4922986,0.10262536,-0.021991149,0.10751228
-1.6184803,-6.6750345,6.205771,0.089186326,-0.021991149,0.11484267
-1.922544,-6.9120603,6.6486983,0.087964594,-0.02076942,0.11728613
-2.1380222,-7.529764,6.646304,0.0842994,-0.015882496,0.12583824
-2.3774424,-7.8266454,5.9759274,0.064751714,-0.02443461,0.12583824
-2.5187001,-7.896077,5.6359506,0.04520403,-0.03176499,0.11484267
-2.5378537,-8.128315,5.9759274,0.034208454,-0.036651913,0.11484267
-2.6360161,-8.204929,6.9264255,0.007330383,-0.04642576,0.11362094
-3.1148565,-8.030152,7.7069354,-0.013439035,-0.05009095,0.10629055
-4.024653,-8.683769,8.760384,-0.014660766,-0.05497787,0.09040806
-4.3861775,-9.275137,9.952697,0.007330383,-0.05009095,0.06719518
-4.8099513,-8.494628,10.412383,0.021991149,-0.030543262,0.064751714
-4.9919105,-7.6590514,10.029311,0.0,-0.02565634,0.061086524
-4.7381253,-6.9838862,9.528923,-0.04520403,-0.018325957,0.04886922
-4.8745947,-6.727707,9.425972,-0.081855945,-0.012217305,0.043982297
-4.9895163,-6.5146227,9.414001,-0.095294975,-0.004886922,0.042760566
-5.317522,-6.4308257,9.888053,-0.08552113,0.012217305,0.04153884
-5.470751,-6.612785,9.991004,-0.07574729,0.02443461,0.042760566
-5.729325,-7.6590514,10.237606,-0.09162979,0.039095376,0.028099801
-5.710171,-9.205706,10.515334,-0.1160644,0.059864793,0.02687807
-5.4180784,-9.67018,10.685322,-0.119729586,0.065973446,0.029321533
-5.365406,-8.939949,10.577583,-0.111177474,0.07574729,0.028099801
-5.2887917,-8.578424,10.498574,-0.087964594,0.09285152,0.02565634
-5.097255,-8.815451,10.441113,-0.07574729,0.10629055,0.017104227
-5.0757074,-8.9758625,10.235212,-0.064751714,0.11728613,-0.0012217305
-4.9224787,-9.196129,9.677363,-0.032986723,0.12583824,-0.019547688
-4.5561657,-9.564836,8.90643,0.02565634,0.14049901,-0.035430185
-2.540248,-7.089231,9.31105,0.09896017,0.16249016,-0.05009095
-3.9480386,-11.372458,13.618219,0.172264,0.16982053,-0.05131268
-5.3678,-11.987768,9.13388,0.2284636,0.1685988,-0.057421334
-4.096479,-14.329297,7.2927384,0.26633725,0.16249016,-0.058643065
-4.096479,-14.329297,7.2927384,0.28221974,0.14905111,-0.052534413
-2.6910827,-11.829751,7.4244194,0.2724459,0.13561209,-0.05009095
-0.4237737,-8.520964,8.477868,0.25045475,0.12705997,-0.042760566
-0.89303726,-6.742072,7.4387846,0.22357668,0.11728613,-0.02321288
-1.9991584,-7.955932,6.603208,0.1966986,0.10873401,0.004886922
-2.195483,-7.405266,6.241684,0.19303341,0.118507855,0.05009095
-2.707842,-4.4723687,6.742072,0.20769419,0.11362094,0.09896017
-2.9592333,-2.27928,6.631939,0.23579398,0.105068825,0.12095132
-3.572149,-2.303222,5.2983685,0.27366763,0.10873401,0.14294247
-3.3183637,-4.7285485,4.1012673,0.2846632,0.10873401,0.15515977
-1.1899183,-5.5258174,3.6248214,0.29077184,0.105068825,0.16737708
-0.39743748,-5.046977,3.0095115,0.2968805,0.10873401,0.16982053
-1.2521675,-4.098873,3.3877954,0.32253686,0.112399206,0.19181168
-2.336741,-3.8714242,3.3925838,0.33108896,0.12095132,0.21746802
-2.087744,-3.2465374,4.0054994,0.30787608,0.12217305,0.23457226
-1.9129672,-3.169923,4.685453,0.2565634,0.11728613,0.25900686
-2.0829554,-7.065289,5.7029886,0.19914207,0.111177474,0.28221974
-1.9129672,-9.3182335,6.5218053,0.17348573,0.118507855,0.3200934
-2.5091233,-4.8937483,8.446744,0.15882497,0.12583824,0.34208453
-8.319851,-4.3502645,9.560047,0.16982053,0.13561209,0.35918877
-12.471396,-7.884106,8.070854,0.2125811,0.1881465,0.39706242
-9.356541,-9.093178,6.7085533,0.22602014,0.20647246,0.4092797
-5.662287,-11.7627125,6.133945,0.19303341,0.23090707,0.44837508
-5.1259856,-14.676456,5.511452,0.07574729,0.23457226,0.47769663
-6.3326635,-12.710816,5.8442464,-0.013439035,0.2406809,0.4813618
-6.691794,-10.010158,5.9543796,-0.058643065,0.267559,0.5131268
-6.375759,-10.6637745,6.399701,-0.12339478,0.32620203,0.55955255
-5.961562,-12.492945,6.3470287,-0.21380283,0.37751472,0.58032197
-5.2265425,-12.078748,6.600814,-0.2761111,0.43004912,0.6084218
-4.2521024,-12.13142,6.9024835,-0.33841935,0.50701815,0.6560693
-4.146757,-12.524069,6.208165,-0.41172317,0.5852089,0.68783426
-3.821146,-11.812991,5.410896,-0.51068336,0.657291,0.7086037
-2.8778305,-10.891224,4.390966,-0.65240407,0.7318166,0.7086037
-2.2290018,-11.425131,3.809175,-0.79901177,0.7855727,0.6939429
-1.7836803,-10.900801,3.3734303,-0.9407325,0.8527679,0.689056
-1.4748282,-9.974244,3.6774938,-1.1557571,0.91874135,0.6597345
-1.3479356,-9.157822,4.5178585,-1.378112,0.9505063,0.6230826
-1.7118542,-8.243237,5.2002063,-1.5577064,1.0079277,0.6010914
-2.2864625,-7.216124,4.855441,-1.6566665,1.105666,0.61575216
-2.6360161,-7.240066,4.5753193,-1.6334536,1.1630874,0.6047566
-2.9376855,-7.0844426,3.7852328,-1.4379768,1.251052,0.5766568
-3.2920272,-5.6407394,3.1531637,-1.2596041,1.4037683,0.59986967
-3.679888,-4.675876,3.028665,-1.2095132,1.5076154,0.61086524
-4.7907977,-4.0797195,3.4811692,-1.2608259,1.5552629,0.61819565
-5.614403,-3.064578,3.916914,-1.3255776,1.6224581,0.66950834
-5.901707,-2.432509,3.1507695,-1.3377949,1.6701056,0.7122689
-6.2105594,-3.6774938,2.6288335,-1.2791518,1.7641789,0.81245077
-7.043741,-4.285621,2.504335,-1.0726794,1.8606955,0.9126327
-6.3326635,-5.5138464,2.7150247,-0.79168135,2.0195205,1.0091494
-6.0381765,-4.8482585,2.777274,-0.52656585,2.1587977,1.097114
-6.0022635,-3.6942532,4.0054994,-0.3200934,2.2272146,1.1753048
-6.351817,-2.5378537,5.6407394,-0.22968534,2.289523,1.2327261
-6.528988,-0.18914193,5.363012,-0.2773328,2.2321017,1.486846
-6.730101,3.2513258,3.775656,-0.45570546,2.1294763,1.5454891
-5.628768,5.839458,3.0621839,-0.8698721,2.025629,1.672549
-4.6686935,7.678205,1.8794483,-1.2144,1.8264871,1.8252654
-6.179435,5.3079453,1.7286136,-1.3695599,1.6676621,1.9376645
-7.551312,1.3024458,0.49559975,-1.5784758,1.3585643,2.0525072
-4.8458643,-2.6048915,-1.2401965,-1.6053538,1.1386528,2.0879374
-3.6128504,-9.215282,-1.1659763,-1.4037683,0.91996306,2.117259
-4.5657425,-14.2383175,-1.5514427,-1.0677924,0.8014552,2.0683897
-6.3087215,-19.232622,-1.6472107,-0.79901177,0.8014552,1.9743165
-6.3087215,-19.232622,-1.6472107,-0.7892379,0.73426,1.9816469
-9.387665,-22.256498,2.183512,-0.74036866,0.63529986,2.0231857
-9.167398,-20.784065,1.6591818,-0.6963864,0.56688297,1.926669
-10.172963,-12.313379,1.7932571,-0.7489208,0.4251622,1.8460348
-10.948685,-3.074155,6.6774287,-0.7965683,0.2773328,1.7507398
-10.374076,-0.016759412,9.411607,-0.82344633,0.19792034,1.65911
-9.440337,-6.555324,5.662287,-0.8564331,0.10995574,1.5503759
-7.297527,-12.514492,0.48602295,-0.8197812,0.05497787,1.4428637
-5.9160724,-10.28549,0.6727707,-0.63041294,0.09896017,1.4746287
-6.184223,-4.687847,3.9336734,-0.43371433,0.22602014,1.5992452
-6.8450227,-1.8219875,4.9703627,-0.5705481,0.18203785,1.5980235
-7.4268136,-2.348712,4.132392,-0.91507614,0.008552114,1.4110987
-7.93199,-3.5434184,3.1986535,-1.0494665,-0.12950343,1.2095132
-7.656657,-3.9384618,3.976769,-0.91507614,-0.2284636,1.0482447
-6.835446,-3.2513258,4.333505,-0.52534413,-0.19425514,1.1569787
-6.459556,-2.348712,3.4045548,0.008552114,-0.018325957,1.351234
-6.967127,-2.542642,3.7325604,0.47891834,0.13927728,1.4355333
-7.3071036,-3.466804,3.2130187,0.42638394,0.21624629,1.3255776
-6.9000893,-3.2154129,3.8259344,0.27488935,0.24801129,1.2986995
-7.6710224,-3.0597897,4.8578353,0.07574729,0.34208453,1.4648548
-7.788338,-3.335123,4.9224787,-0.4166101,0.41172317,1.7214183
-7.6829934,-3.608062,4.4723687,-0.625526,0.39950588,1.7592919
-7.764396,-3.751714,4.280833,-1.1252137,0.376293,1.7446312
-7.9583263,-3.5434184,4.1252093,-1.1667526,0.33841935,1.6652187
-7.8769236,-3.8067808,3.9911342,-1.1117748,0.4007276,1.6542231
-7.9343843,-4.39336,3.514688,-0.9944886,0.5375614,1.5992452
-8.367735,-4.7907977,2.9975405,-0.7244862,0.7733554,1.3206906
-8.736442,-4.5561657,3.0262709,-0.9944886,0.79412484,1.1410962
-8.872911,-4.0462008,3.572149,-1.17897,0.68416905,0.675617
-8.865729,-3.3399115,3.7493198,-1.1068878,0.7684685,0.6059783
-8.760384,-2.920926,3.5338416,-0.88453287,0.55955255,0.36651915
-8.588001,-2.837129,3.265691,-0.65240407,0.44715336,-0.02321288
-8.6334915,-2.7006595,3.41892,-0.6462954,0.25045475,-0.5876524
-8.595184,-2.3870192,3.2992098,-0.35308012,0.056199603,-0.98471475
-8.939949,-2.3822308,2.7461493,0.22602014,0.17348573,-0.72082096
-9.232041,-2.2864625,2.5330653,0.18936823,0.24556783,-0.23579398
-9.339781,-2.054225,2.4612393,-0.6084218,-0.10873401,-0.38240165
-9.255983,-1.9776106,2.731784,-1.7421877,-0.5656612,-1.0983357
-9.074024,-2.384625,2.633622,-2.162463,-0.86132,-1.5467108
-9.19134,-2.2146366,2.3056161,-1.8362609,-0.75502944,-1.563815
-9.433155,-1.6472107,2.2361844,-1.1276573,-0.40439278,-1.4721853
-9.859323,-1.70946,2.542642,-0.41172317,-0.15882497,-1.473407
-10.04607,-2.267309,2.5378537,0.0720821,-0.061086524,-1.5430456
-9.969456,-2.9352913,2.8562827,0.11362094,-0.080634214,-1.690875
-9.856929,-3.0238767,2.6001031,-0.312763,-0.15882497,-1.8619173
-10.199299,-2.5617957,1.9393034,-0.7696902,-0.27488935,-2.0182989
-10.560823,-2.7940333,2.2481554,-1.0800097,-0.25167647,-2.0244074
-9.797073,-2.882619,2.4109612,-1.4465289,-0.07574729,-1.9193386
-9.239224,-2.633622,2.6743233,-2.0842721,0.009773844,-1.9657644
-9.964667,-4.050989,2.5809495,-3.137404,-0.05131268,-2.2088888
-11.640609,-5.00867,1.70946,-3.8069122,0.008552114,-2.2101104
-12.3038025,-4.292804,1.0510546,-3.8423424,0.10262536,-2.058616
-11.729194,-2.420538,0.61052144,-2.8918362,0.3555236,-1.8973475
-10.488997,-1.8555063,0.33279404,-1.8716911,0.6084218,-1.5894713
-10.029311,-2.3774424,-0.15083471,-1.5845845,0.7110472,-1.3720033
-10.316615,-3.3925838,0.33039984,-1.7690657,0.6939429,-1.428203
-10.534488,-3.0550013,0.81163436,-2.098933,0.61575216,-1.5479325
-9.734824,-2.9041667,0.20829555,-2.1050417,0.59131753,-1.5222762
-9.0429,-2.858677,0.0,-2.1991148,0.50335294,-1.5735888
-8.664616,-3.0813377,0.019153614,-2.1001546,0.48991394,-1.6114625
-8.4587145,-2.5570073,-0.5650316,-1.9816469,0.49235737,-1.6444492
-8.465898,-3.0262709,-2.1930888,-1.5809193,0.62796944,-1.4770721
-8.389283,-3.052607,-3.3997664,-1.1948525,0.8332202,-1.1972959
-8.224083,-2.5689783,-2.7006595,-1.391551,0.7171558,-1.1239921
-8.695741,-2.111686,-3.0669725,-2.1355848,0.44715336,-1.2938126
-8.789114,-2.5187001,-2.6360161,-2.9309313,0.19914207,-1.4379768
-9.368511,-2.8874073,-3.040636,-2.8002062,0.3652974,-1.3768903
-9.9790325,-3.739743,-2.3870192,-2.515543,0.28955013,-1.3451253
-10.024523,-1.9560628,-1.769315,-1.7873917,0.073303826,-1.2156218
-10.536881,-0.8595184,-0.7015011,-0.62796944,0.21135938,-0.906524
-10.508151,-1.2976574,0.89543146,0.63041294,0.25900686,-0.5558874
-9.742006,-1.3431472,-0.107739076,1.2351695,0.31031954,0.1001819
-9.76116,0.22026655,-1.4628572,0.06719518,0.21502456,0.4373795
-9.76116,0.22026655,-1.4628572,-3.150843,-0.25167647,-0.7086037
-10.261548,3.1004913,-2.89459,-4.664567,-0.7452556,-0.93218035
-11.954249,3.7588966,-2.9735985,-2.1600194,-0.55955255,-0.43249258
-11.923124,1.1851299,-2.566584,0.83199847,0.10873401,-0.16493362
-10.127473,-0.89782566,-2.873042,1.4697418,0.12095132,-0.18570304
-8.870518,-1.5897499,-1.352724,-0.30543262,-0.4251622,-0.4129449
-9.512163,-0.6560113,-0.023942016,-1.5234979,-0.8197812,-0.63163465
-11.164163,1.2449849,0.16280572,-1.0262536,-0.7623598,-0.5681047
-11.528081,1.8483237,-0.7110779,-0.41783184,-0.6658431,-0.56077427
-10.972627,1.3958195,-1.7621324,-0.43371433,-0.75625116,-0.56688297
-10.04607,0.04070143,-2.5234885,-0.3359759,-0.8405506,-0.5314528
-9.421184,-0.5746084,-3.3566709,-0.17959438,-0.84421575,-0.49235737
-9.524135,0.31124622,-3.2944214,-0.20891592,-0.84421575,-0.44348818
-9.97185,1.5682021,-3.1268275,-0.28588495,-0.8576548,-0.40439278
-10.275913,2.0901382,-3.0813377,-0.2003638,-0.8735373,-0.3323107
-10.213664,1.8483237,-3.8067808,-0.0720821,-0.8784242,-0.23945917
-10.158598,1.7836803,-4.381389,0.07696902,-0.9101892,-0.14049901
-10.472239,1.9369092,-3.0334535,0.26267207,-0.9285152,-0.05009095
-10.335769,2.8562827,-2.6001031,0.28955013,-0.91751957,0.029321533
-10.000581,2.6240451,-1.6687586,0.24923302,-0.906524,0.06963864
-8.631097,1.541866,-1.5490485,0.23457226,-0.874759,0.15882497
-8.288726,-0.260968,-0.51475334,0.34697145,-0.82711154,0.22968534
-8.025364,-1.2521675,-2.7461493,0.4361578,-0.7733554,0.32253686
-7.800309,-0.19871874,-3.5003228,0.5522222,-0.7171558,0.408058
-8.02297,2.0446482,-3.6655228,0.77946407,-0.6646214,0.4886922
-8.197746,3.1531637,-2.6886885,1.0128145,-0.6169739,0.54367006
-8.6334915,2.3247697,-2.7389667,1.0238101,-0.58276546,0.5925393
-9.258378,2.5713725,-2.183512,1.0519099,-0.5045747,0.6047566
-9.212888,5.837064,-4.6806645,1.1472049,-0.38728857,0.6169739
-8.279149,7.302315,-3.845088,0.97127575,-0.20769419,0.48991394
-7.5321584,7.3549876,-4.197036,0.8735373,-0.2321288,0.50701815
-7.225701,5.473145,-3.6727054,0.72082096,-0.19425514,0.63407815
-6.2943563,3.2202013,-5.0781016,0.6365216,-0.10629055,0.8417723
-7.666234,4.546589,-5.5042696,0.376293,-0.13072516,1.1154399
-9.890448,7.204153,-3.335123,0.2724459,-0.14049901,1.5515977
-10.805033,8.228871,-3.775656,0.19303341,-0.09407325,2.0549507
-10.259154,5.781997,-4.8243165,-0.23090707,-0.10751228,2.4263568
-9.119514,4.8267107,-4.960786,-0.8698721,-0.22113322,2.879619
-8.6334915,5.8226986,-3.6487634,-1.4501941,-0.059864793,3.3206635
-8.930372,5.6335564,-3.0142999,-2.1380284,-0.21380283,3.8716638
-9.169792,3.9743748,-3.8905778,-3.2656856,-0.24923302,4.189314
-9.308656,3.0502129,-4.0174704,-3.8728857,-0.23823744,4.3359213
-9.248801,3.1651347,-2.5067291,-3.853338,-0.27366763,4.3982296
-9.7084875,4.8745947,-2.6120741,-3.186273,-0.39706242,4.3750167
-10.579977,5.911284,-2.1930888,-1.3426818,-0.50823987,4.785518
-10.3932295,5.243302,-2.5139117,-0.042760566,-0.42271876,4.946787
-9.43076,3.4261026,-3.0119057,0.112399206,-0.49357912,4.546059
-8.647857,2.0111294,-2.789245,-0.015882496,-0.37507126,4.0500364
-9.44752,1.2042835,-1.99437,0.14538592,-0.26389378,3.6468656
-10.477027,1.1300632,-1.4341269,0.14905111,-0.20647246,3.659083
-10.948685,1.9369092,-1.2473791,0.056199603,-0.105068825,3.98895
-10.6158905,2.4947581,-0.8762778,-0.35796702,-0.028099801,3.9046507
-9.466674,2.597709,-1.1923125,-0.6914995,0.013439035,3.7323866
-8.614338,2.303222,-2.408567,-0.752586,0.0012217305,3.5906658
-8.678981,1.8459295,-2.815581,-0.5155703,-0.02565634,3.458719
-9.713276,2.3439236,-2.8203697,-0.30543262,-0.021991149,3.3622024
-10.371682,3.5170822,-2.9975405,0.12583824,0.030543262,3.331659
-9.67018,4.156334,-3.3662477,0.31642818,0.112399206,3.38175
-8.983045,4.2401314,-3.5362358,0.22968534,0.27366763,3.2705724
-8.918402,4.2999864,-3.9217024,0.08552113,0.41905355,3.1325169
-9.411607,2.5091233,-3.5889084,0.02565634,0.49846604,3.1068606
-10.323798,0.37828386,-3.4715924,-0.13805555,0.6133087,3.1764994
-11.125855,-0.34237084,-3.1004913,-0.21502456,0.6585127,3.1948252
-11.010934,1.3623008,-2.8898015,-0.36163223,0.7318166,3.1874948
-10.316615,3.4500446,-2.789245,-0.47036624,0.75747293,3.150843
-9.698911,4.0581717,-3.241749,-0.5204572,0.752586,3.095865
-9.090784,3.0573955,-3.679888,-0.4166101,0.73914695,3.0079005
-8.925584,1.1803415,-3.6966474,-0.18325958,0.7892379,2.960253
-9.004593,0.59615624,-3.5673606,-0.09162979,0.8332202,2.9932396
-9.210494,0.7158663,-3.2202013,-0.09773844,0.8686504,2.9859092
-9.703699,1.1109096,-2.7964275,-0.20647246,0.93584555,2.896723
-9.818622,2.2050598,-2.8562827,-0.3555236,0.91751957,2.7501154
-9.998186,2.633622,-2.27928,-0.56321776,0.893085,2.538756
-9.998186,2.633622,-2.27928,-0.6291912,0.8979719,2.3774874
-10.000581,3.643975,-2.0614076,-0.40194935,0.9334021,2.2553146
-9.636662,3.9959226,-1.7549498,0.015882496,0.97494096,2.0683897
-8.930372,3.6008794,-1.7836803,0.5876524,0.9761627,1.9547688
-8.676587,2.9400797,-1.7836803,0.9810496,0.96761054,1.9254472
-9.0429,2.8107927,-1.6089035,1.1093313,0.91874135,1.8997909
-9.224859,3.1914709,-2.0039468,0.93828905,0.86009824,1.7898352
-8.836999,4.7070007,-2.7246015,0.453262,0.7867944,1.5552629
-8.238448,6.5840545,-2.8323407,-0.087964594,0.6401868,1.3109168
-7.524976,6.131551,-2.633622,-0.4654793,0.5412266,1.1093313
-7.479486,5.121197,-2.861071,-0.48624873,0.59131753,1.0592403
-7.807492,5.4085016,-3.5458126,-0.14782938,0.6389651,1.1117748
-8.121132,6.2129536,-3.1124623,0.26145032,0.6230826,1.0274754
-8.310274,7.0365586,-2.9783869,0.5705481,0.66828656,0.95539325
-8.669404,6.861782,-2.9903579,0.7611381,0.6927212,1.0396926
-8.384495,7.2424603,-3.8522706,0.7147123,0.61208695,1.0604621
-8.123527,7.1514807,-4.501099,0.41172317,0.5412266,0.93951076
-8.504205,6.993463,-4.4963107,0.17348573,0.56199604,0.8051204
-8.678981,6.667852,-3.9815574,0.2846632,0.6243043,0.7098254
-8.985439,6.160281,-3.383007,0.44593164,0.6731735,0.6805039
-8.63828,6.2608376,-3.1555579,0.8979719,0.73792523,0.6267477
-8.916007,6.0477533,-2.885013,0.90041536,0.75991637,0.5681047
-9.557653,5.755661,-2.4779987,0.8246681,0.77824235,0.41538838
-9.679757,5.3199162,-2.6120741,0.77824235,0.7623598,0.25167647
-9.234436,5.231331,-2.4181437,0.77213365,0.7281514,0.09773844
-9.289502,5.57849,-3.0933087,0.75502944,0.6780604,-0.061086524
-10.139444,5.145139,-2.0733786,0.59864795,0.65240407,-0.2406809
-9.813833,5.961562,-2.8443117,0.4447099,0.58032197,-0.44226643
-9.861717,5.41329,-2.348712,0.55955255,0.49235737,-0.5742133
-10.06283,5.032612,-1.3551182,0.816116,0.42394048,-0.6169739
-9.3661175,1.400608,-1.9297266,0.85154617,0.33964106,-0.70371675
-8.789114,-0.6607997,-2.267309,0.6267477,0.24312437,-0.89919364
-8.956709,0.7086837,-1.2018893,0.4447099,0.15393804,-1.0225884
-8.772355,2.4253263,-2.5785553,0.48624873,0.06352998,-1.1569787
-9.643845,1.5586253,-3.0238767,0.6133087,0.037873644,-1.2583824
-9.423578,0.6655881,-3.4859576,0.752586,0.0061086523,-1.2901474
-8.868123,1.5945383,-2.8874073,0.7464773,-0.032986723,-1.3939945
-8.652645,0.60094464,-2.7868507,0.6658431,-0.021991149,-1.491733
-8.688558,-4.120421,-3.3255463,0.50823987,-0.039095376,-1.5357152
-7.553706,-2.3798366,-4.4460325,0.41783184,-0.111177474,-1.5076154
-8.161834,2.0949266,-2.1883004,0.26145032,-0.13316862,-1.5308284
-8.025364,3.4261026,-2.1188686,0.05009095,-0.16493362,-1.5454891
-7.1251445,0.095768064,-5.257667,-0.15027285,-0.21624629,-1.4856243
-9.433155,-1.3144168,-5.121197,-0.21624629,-0.13683382,-1.4587462
-12.694057,0.48362875,-0.45489833,-0.11484267,-0.0036651916,-1.4135422
-13.038822,1.3503298,2.5187001,0.0036651916,0.09896017,-1.2730432
-11.444284,0.46686932,2.2457612,0.15760323,0.087964594,-1.0873401
-10.053253,-0.878672,0.45729253,0.24678956,0.14294247,-0.91751957
-8.992621,-1.7357962,-2.528277,0.27488935,0.19058995,-0.75991637
-9.188946,-0.3878607,-2.2337902,0.22602014,0.19303341,-0.61453044
-9.459491,1.8698715,-2.5139117,0.10140363,0.15515977,-0.54611355
-10.290278,1.8794483,-2.315193,0.013439035,0.15515977,-0.50579643
-10.754754,0.16519992,-1.4269443,0.15271631,0.18448131,-0.40683624
-10.376471,-0.4189853,-1.460463,0.28710666,0.2125811,-0.35796702
-9.485827,0.90261406,-2.4468741,0.5412266,0.28221974,-0.30176744
-9.26556,2.1499932,-2.3247697,0.77213365,0.29077184,-0.21868975
-9.61272,2.27928,-2.1523874,0.8014552,0.2761111,-0.13805555
-9.746795,1.8243817,-3.0071173,0.5448918,0.21013765,-0.18448131
-9.80665,1.7118542,-3.2441432,0.1881465,0.0842994,-0.27855456
-9.883265,2.0015526,-2.8898015,0.07819075,-0.02321288,-0.3005457
-10.010158,2.315193,-2.5498247,0.073303826,-0.0842994,-0.31398472
-9.816227,2.1619642,-2.3223755,0.043982297,-0.12950343,-0.35308012
-9.526528,1.9129672,-2.0709844,-0.0012217305,-0.15882497,-0.4092797
-9.330204,1.9177556,-2.0685902,0.073303826,-0.14660765,-0.47158796
-9.308656,1.99437,-2.1739352,0.21013765,-0.06352998,-0.5412266
-9.425972,2.2409728,-2.291251,0.42271876,0.042760566,-0.51068336
-9.368511,2.018312,-2.5905263,0.5119051,0.09407325,-0.46181414
-9.315839,2.0949266,-3.4284968,0.44104472,0.10873401,-0.43860126
-9.392453,1.8267759,-2.956839,0.25900686,0.007330383,-0.46792278
-9.315839,1.6687586,-2.2601264,0.2284636,-0.012217305,-0.45937067
-9.315839,1.6687586,-2.2601264,0.20769419,-0.04520403,-0.43860126
-9.277532,1.3455414,-1.8052281,0.18325958,-0.11362094,-0.4251622
-9.176975,0.9600749,-1.9800048,0.14782938,-0.17592919,-0.41050145
-9.157822,0.6631939,-2.348712,0.21624629,-0.18203785,-0.37018433
-9.241618,0.7445967,-2.4349031,0.32742378,-0.12583824,-0.3494149
-9.193734,0.7661445,-2.4372973,0.3359759,-0.089186326,-0.32986724
-9.423578,0.5482722,-2.6024973,0.32620203,-0.089186326,-0.27488935
-9.749189,0.36152446,-2.5689783,0.23457226,-0.118507855,-0.26389378
-9.883265,0.074220255,-2.171541,0.22357668,-0.21502456,-0.22968534
-9.526528,0.1364695,-2.2290018,0.27000242,-0.12950343,-0.22357668
-9.378088,0.24660277,-2.432509,0.2919936,-0.14049901,-0.15882497
-9.698911,0.38307226,-2.4372973,0.2883284,-0.12705997,-0.096516706
-9.787497,0.4405331,-2.2337902,0.3286455,-0.064751714,-0.042760566
-9.770737,0.61770403,-2.207454,0.40317106,0.009773844,0.036651913
-9.866506,0.50517654,-2.1811178,0.4288274,0.10262536,0.12705997
-9.854534,0.63206923,-2.2409728,0.33108896,0.17592919,0.087964594
-9.945514,0.93134445,-2.3511062,0.312763,0.18325958,0.15271631
-9.9550905,1.1779473,-2.2529438,0.43371433,0.2003638,0.22968534
-9.811439,1.2665327,-1.9608512,0.47769663,0.2321288,0.23945917
-9.7803135,1.163582,-1.8052281,0.48380527,0.21746802,0.23335053
-9.643845,0.79248077,-2.147599,0.23335053,0.204029,0.22968534
-9.65821,0.9744401,-2.2768857,0.12217305,0.18570304,0.21135938
-9.7324295,1.1180922,-2.1811178,-0.103847094,0.1600467,0.17104226
-9.725247,0.91697925,-2.3630772,-0.28344148,0.13927728,0.14905111
-9.859323,0.46447513,-2.5570073,-0.29565877,0.10262536,0.080634214
-9.583989,0.45968673,-2.3008277,-0.22479841,0.1160644,0.04153884
-9.210494,0.9744401,-2.1667526,-0.16371189,0.13927728,0.04153884
-9.040505,0.4357447,-2.5067291,-0.08674286,0.14049901,-0.010995574
-9.627085,0.1388637,-2.372654,0.04153884,0.13561209,-0.05375614
-9.811439,0.10055647,-2.1068976,0.12705997,0.13927728,-0.04886922
-9.210494,0.24899697,-2.2601264,-0.061086524,0.112399206,-0.07941248
-8.932767,-0.059855044,-2.0518308,-0.1685988,0.089186326,-0.103847094
-9.121908,0.29448682,-2.0015526,-0.26389378,0.02443461,-0.13316862
-9.267955,0.581791,-1.8842367,-0.23335053,0.0061086523,-0.12950343
-9.279925,0.78769237,-2.0231004,-0.1600467,0.0012217305,-0.14172074
-9.414001,0.8355764,-2.2888567,-0.09407325,0.0012217305,-0.14782938
-9.576807,0.7230489,-1.9536686,-0.02076942,-0.0061086523,-0.13194689
-9.490616,0.16280572,-1.673547,0.0720821,0.010995574,-0.15149458
-9.720459,-0.021547815,-1.7310078,0.12095132,0.02687807,-0.15393804
-10.0748005,-0.090979666,-1.7429788,0.1966986,0.02565634,-0.13194689
-10.354922,-0.04070143,-1.922544,0.27366763,0.037873644,-0.09162979
-10.117896,-0.24899697,-1.9967642,0.24923302,0.030543262,-0.09285152
-9.78989,-0.641646,-1.7812861,0.19425514,-0.002443461,-0.087964594
-9.627085,-0.2801216,-1.5394717,0.18203785,-0.019547688,-0.062308256
-9.636662,0.36152446,-1.7812861,0.17104226,-0.039095376,-0.039095376
-9.440337,0.37828386,-2.2146366,0.1685988,-0.03176499,0.019547688
-9.390059,0.10534488,-2.468422,0.20280726,-0.015882496,0.09040806
-9.531317,-0.11252748,-2.4109612,0.2003638,-0.012217305,0.19303341
-9.572019,-0.02873042,-2.408567,0.13439035,-0.014660766,0.3408628
-9.562442,0.031124622,-2.4229321,0.0012217305,-0.02443461,0.47403142
-9.665392,0.01436521,-2.6120741,-0.2846632,-0.013439035,0.6133087
-9.583989,0.19153613,-2.5929205,-0.7330383,-0.032986723,0.7806858
-9.600749,0.23223756,-2.4516625,-1.3133603,0.002443461,1.0225884
-9.797073,0.35194764,-2.621651,-1.6065756,0.073303826,1.1276573
-9.801862,0.2705448,-2.9520507,-1.7434094,0.29810223,1.382999
-9.739613,0.48362875,-2.791639,-1.2913691,0.5571091,1.6859881
-9.744401,0.6727707,-2.5187001,-0.77946407,0.64751714,1.8826867
-9.811439,0.7445967,-2.4779987,-0.70616025,0.7367035,1.9315559
-9.888053,0.545878,-2.4468741,-0.93951076,0.8857546,2.0916026
-9.782708,0.5243302,-2.2361844,-1.2840388,0.89552844,2.122146
-9.591172,0.79966336,-2.054225,-1.5503759,1.0164797,2.107485
-9.651027,0.90979666,-1.8052281,-1.6163495,1.0751228,2.2785273
-9.765948,0.33758244,-1.7980455,-1.4428637,1.1569787,2.3322835
-9.746795,-0.038307227,-2.0925324,-1.3634512,1.1386528,2.316401
-9.61272,-0.32800564,-2.2960393,-1.1508701,1.0519099,2.4446826
-9.531317,-0.25378537,-2.0709844,-0.9773844,0.9370673,2.5766296
-9.392453,-0.16998832,-1.8746599,-0.91751957,0.77946407,2.5167649
-9.332599,-0.22744916,-2.0374656,-1.028697,0.7611381,2.3787093
-9.478644,-0.48362875,-2.1428106,-1.1826351,0.73548174,2.3273966
-9.591172,-0.59855044,-2.1045034,-1.2425,0.6414085,2.3005185
-9.591172,-0.59855044,-2.1045034,-1.2449434,0.52778757,2.2235496
-9.655815,-0.51954174,-2.2888567,-1.1178834,0.38728857,2.179567
-9.787497,-0.6703765,-2.195483,-1.1325442,0.267559,2.1013765
-9.713276,-0.272939,-2.4109612,-1.0262536,0.15149458,2.0011945
-9.445126,0.059855044,-2.4516625,-1.1239921,0.064751714,1.8472565
-9.454702,-0.2657564,-2.4827871,-1.205848,0.06841691,1.6493362
-9.928755,-0.866701,-2.1452048,-0.98715824,0.12705997,1.4782939
-9.773131,-0.5363012,-2.087744,-0.44837508,0.07696902,1.4013249
-9.478644,0.062249243,-2.3056161,-0.06719518,-0.017104227,1.314582
-9.610326,0.016759412,-2.0638018,-0.009773844,-0.0842994,1.1765264
-9.574412,-0.12449849,-1.8363527,-0.21746802,-0.13561209,0.9993755
-9.52174,-0.24181437,-1.7764976,-0.48258355,-0.18936823,0.79290307
-9.361329,0.050278235,-1.9273324,-0.69027776,-0.18570304,0.5729916
-9.26556,0.30885202,-2.1045034,-0.64873886,-0.15760323,0.43371433
-9.208099,0.22266077,-2.1212628,-0.41050145,-0.081855945,0.28588495
-9.299079,-0.031124622,-2.0278888,-0.07574729,-0.013439035,0.06841691
-9.390059,-0.2633622,-2.0254946,0.1685988,0.0036651916,-0.1563815
-9.56723,-0.23942018,-2.0901382,0.21502456,-0.018325957,-0.32375857
-9.605537,-0.079008654,-2.195483,0.17715092,-0.02565634,-0.376293
-9.581595,0.17956513,-2.1643584,0.118507855,-0.04153884,-0.46792278
-9.445126,0.24420857,-2.3343468,0.12339478,-0.06352998,-0.64873886
-9.457097,0.9528923,-2.8419175,0.19792034,-0.06963864,-0.8588765
-9.437943,2.707842,-3.371036,0.40439278,-0.12583824,-1.0360274
-8.971074,4.9679685,-3.964798,0.61575216,-0.19425514,-1.1765264
-8.422802,6.447585,-4.235343,0.8918633,-0.312763,-1.3439035
-8.4587145,6.943185,-4.867412,0.84421575,-0.37751472,-1.4514158
-9.16261,9.234436,-6.600814,0.8356637,-0.45937067,-1.6310102
-10.0269165,12.375628,-6.7444663,0.9224065,-0.5009095,-1.7348573
-9.861717,13.366828,-6.05733,0.9419542,-0.56077427,-1.8777997
-8.39886,10.680533,-5.791574,1.0140363,-0.6218608,-2.003638
-8.523358,8.355764,-5.60722,0.9786061,-0.675617,-2.1380284
-9.583989,7.9870567,-5.449203,0.68294734,-0.7244862,-2.257758
-11.513716,8.133103,-4.173094,0.47403142,-0.7440339,-2.2748623
-12.016499,6.993463,-3.2106245,0.30665436,-0.7611381,-2.3127358
-12.112267,4.8003745,-2.7964275,0.25411993,-0.73792523,-2.3457224
-12.021287,2.9783869,-2.6048915,0.3005457,-0.73792523,-2.339614
-12.014104,2.693477,-3.13401,0.33841935,-0.74036866,-2.3237314
-12.174516,2.3702598,-3.2489316,0.3933972,-0.6817256,-2.26631
-12.155362,1.4700398,-3.4213142,0.47891834,-0.6414085,-2.1685717
-11.001357,1.0869676,-3.1124623,0.5900958,-0.6072,-2.1050417
-10.0341,1.2808979,-1.5466543,0.5656612,-0.5656612,-2.043955
-10.761936,1.4293385,-1.1803415,0.52412236,-0.52290064,-1.9144517
-11.066,0.011971008,-0.6919243,0.41783184,-0.47769663,-1.7910569
-11.286267,-0.9600749,-1.13964,0.36163223,-0.49357912,-1.6627752
-11.5951185,-0.90021986,-1.5993267,0.20525073,-0.4373795,-1.5723672
-10.6877165,0.0,-2.528277,0.13194689,-0.36774087,-1.4636332
-9.524135,0.6919243,-1.5586253,0.18203785,-0.3213151,-1.3377949
-8.748413,2.456451,-3.1507695,0.28099802,-0.23701571,-1.1997393
-7.678205,4.8099513,-3.7660792,0.31642818,-0.18936823,-1.1239921
-6.895301,3.9336734,-3.4620156,0.27488935,-0.17470746,-1.0421361
-8.240842,2.528277,-4.3646297,0.3726278,-0.10995574,-0.90285885
-8.832211,2.123657,-4.656722,0.4569272,-0.09285152,-0.8063421
-8.3821,1.9895816,-3.2872388,0.41905355,-0.111177474,-0.7855727
-8.628703,2.372654,-2.1188686,0.24801129,-0.13927728,-0.73792523
-9.150639,2.8898015,-1.520318,0.18692477,-0.1685988,-0.64996064
-8.913613,4.6519337,-1.7932571,0.20647246,-0.17348573,-0.61575216
-7.845799,5.3582234,-1.5969325,0.33841935,-0.16737708,-0.49846604
-6.861782,5.7508726,-2.4827871,0.36285394,-0.16615535,-0.4605924
-6.411672,5.011064,-3.347094,0.35918877,-0.12950343,-0.3885103
-6.31351,3.9600096,-3.7780502,0.30298916,-0.08674286,-0.3200934
-6.6295447,4.462792,-3.430891,0.21380283,-0.112399206,-0.27488935
-6.9719152,4.9943047,-2.6240451,0.15393804,-0.14905111,-0.25045475
-7.2951326,5.446809,-2.4396915,0.18081611,-0.1441642,-0.22602014
-7.6135616,5.6982,-2.243367,0.26145032,-0.15271631,-0.18936823
-7.1754227,6.030994,-2.4708161,0.3213151,-0.13683382,-0.16493362
-6.4882865,6.220136,-2.6264393,0.312763,-0.13194689,-0.18936823
-5.825093,7.40766,-2.9975405,0.24923302,-0.14294247,-0.20769419
-5.523423,7.273585,-2.9233203,0.20525073,-0.13316862,-0.2125811
-5.9448028,6.3805475,-3.0238767,0.13194689,-0.12705997,-0.22968534
-6.8402343,5.741296,-3.2202013,0.08674286,-0.1282817,-0.24190263
-7.5944076,5.391742,-3.028665,0.12095132,-0.10262536,-0.23701571
-7.6470804,5.0781016,-2.5953147,0.1966986,-0.08307768,-0.22968534
-7.6470804,5.0781016,-2.5953147,0.18570304,-0.07086037,-0.2321288
-7.7332716,4.5441947,-2.348712,0.15027285,-0.06963864,-0.20891592
-7.8649526,3.8666358,-2.3870192,0.105068825,-0.07696902,-0.20158553
-8.451532,3.7708676,-2.825158,0.06841691,-0.061086524,-0.18081611
-9.229648,3.7229836,-2.3558946,0.052534413,-0.047647487,-0.14049901
-9.65821,3.7181952,-1.6472107,0.014660766,-0.037873644,-0.10751228
-9.737218,3.763685,-1.5179238,0.02443461,-0.02687807,-0.06963864
-9.464279,2.8874073,-1.7980455,0.059864793,-0.018325957,-0.04153884
-9.68694,1.9632454,-2.5761611,0.118507855,-0.013439035,-0.0012217305
-9.900024,1.460463,-2.755726,0.105068825,0.010995574,0.017104227
-10.060435,1.2952632,-2.695871,0.112399206,0.04153884,0.014660766
-9.868899,1.2210429,-2.7868507,0.15882497,0.028099801,-0.002443461
-10.024523,1.2593501,-2.705448,0.13927728,0.012217305,-0.030543262
-10.070012,1.4508862,-2.5689783,0.06841691,-0.0061086523,-0.057421334
-10.223241,2.2290018,-2.932897,0.05497787,-0.0036651916,-0.062308256
-10.16578,2.6048915,-2.942474,0.039095376,0.0012217305,-0.07086037
-10.000581,2.4420857,-2.930503,-0.02076942,0.0036651916,-0.10140363
-10.180145,2.4995465,-3.0430303,-0.007330383,0.004886922,-0.10751228
-10.240001,3.3973722,-3.572149,0.03176499,0.062308256,-0.16737708
-9.713276,4.3526587,-3.5865142,0.1160644,0.064751714,-0.16615535
-9.306262,5.315128,-3.6343982,0.09896017,0.059864793,-0.172264
-9.054871,5.8442464,-3.5170822,0.065973446,0.043982297,-0.19425514
-9.114726,5.556942,-3.964798,-0.007330383,0.018325957,-0.21135938
-9.344569,4.972757,-3.6942532,-0.036651913,-0.010995574,-0.2003638
-9.344569,5.518635,-4.247314,-0.040317107,-0.042760566,-0.18692477
-9.19134,6.493075,-3.6391866,-0.029321533,-0.057421334,-0.15760323
-8.662222,7.5106106,-3.2345665,0.0061086523,-0.057421334,-0.119729586
-8.331821,7.156269,-2.4301147,0.073303826,-0.040317107,-0.0720821
-8.307879,6.4499793,-1.9297266,0.111177474,-0.040317107,-0.030543262
-8.616732,6.169858,-2.492364,0.12217305,-0.028099801,0.013439035
-8.686164,6.4499793,-3.6272156,0.081855945,-0.034208454,0.039095376
-8.774749,6.7851677,-4.1276035,0.043982297,-0.040317107,0.06841691
-8.585608,7.132327,-3.7684734,0.02321288,-0.014660766,0.08674286
-8.930372,6.265626,-2.834735,0.03176499,0.010995574,0.064751714
-9.445126,5.183447,-2.1021092,0.05497787,0.040317107,0.039095376
-9.765948,3.9552212,-1.8722657,0.07086037,0.058643065,0.02443461
-9.718064,3.4524388,-2.078167,0.052534413,0.06841691,-0.012217305
-9.516952,3.5338416,-2.5905263,0.062308256,0.081855945,-0.03176499
-9.3733,3.4380736,-3.1316159,0.07452556,0.057421334,-0.040317107
-9.49301,2.5809495,-3.1771057,0.035430185,0.036651913,-0.062308256
-9.378088,2.0159178,-2.8898015,-0.007330383,0.0061086523,-0.05497787
-9.411607,1.5610195,-2.4396915,0.0,-0.010995574,-0.04520403
-9.41879,1.970428,-2.0614076,0.021991149,-0.034208454,-0.034208454
-9.217676,2.1930888,-2.348712,0.052534413,-0.05497787,0.013439035
-9.107543,2.1188686,-2.6839,0.017104227,-0.062308256,0.039095376
-9.181764,1.99437,-2.801216,-0.028099801,-0.07574729,0.05375614
-9.339781,1.5586253,-3.1316159,-0.032986723,-0.06719518,0.07086037
-9.090784,1.2880806,-3.4021606,-0.0036651916,-0.064751714,0.080634214
-9.167398,0.90979666,-3.289633,0.014660766,-0.07574729,0.0720821
-9.0716305,0.90261406,-2.9975405,0.040317107,-0.0720821,0.07452556
-9.16261,0.93134445,-2.695871,0.081855945,-0.062308256,0.08674286
-9.200917,1.0965444,-3.064578,0.065973446,-0.05375614,0.08674286
-9.258378,1.1492168,-3.181894,0.02565634,-0.05375614,0.0842994
-9.155427,0.90979666,-3.1268275,-0.007330383,-0.047647487,0.08307768
-9.210494,0.4165911,-3.1268275,0.002443461,-0.032986723,0.09896017
-9.28232,0.4357447,-2.870648,0.007330383,-0.034208454,0.09773844
-9.179369,0.39025488,-2.4851813,-0.0012217305,-0.034208454,0.087964594
-9.251195,0.30166942,-2.5689783,0.012217305,-0.052534413,0.08307768
-9.308656,-0.12449849,-2.2050598,0.032986723,-0.07086037,0.09162979
-9.473856,0.0,-2.1883004,0.03176499,-0.06841691,0.08307768
-9.765948,-0.21547815,-1.8483237,0.007330383,-0.061086524,0.06963864
-9.902418,-0.5746084,-2.0207062,0.012217305,-0.061086524,0.065973446
-9.919178,-0.6703765,-2.5091233,0.0012217305,-0.03176499,0.028099801
-9.801862,-0.5770026,-2.7222073,-0.0036651916,-0.02321288,0.029321533
-9.80665,-0.581791,-2.4420857,-0.021991149,-0.028099801,0.02321288
-9.991004,-0.20111294,-2.27928,-0.017104227,-0.039095376,0.029321533
-10.129868,-0.045489833,-2.456451,0.02076942,-0.012217305,0.047647487
-10.065224,0.04070143,-2.3942018,0.056199603,-0.004886922,0.061086524
-9.792285,0.36631286,-2.60968,0.065973446,-0.002443461,0.0720821
-9.792285,0.36631286,-2.60968,0.05497787,0.012217305,0.081855945
-9.864111,0.34237084,-2.8060043,-0.0012217305,-0.002443461,0.07086037
-9.832987,0.7374141,-2.7389667,-0.0036651916,-0.0012217305,0.07452556
-9.569624,1.0295067,-2.5881321,0.004886922,0.008552114,0.065973446
-9.31105,1.2425907,-2.4229321,0.007330383,0.012217305,0.047647487
-9.3733,1.0414777,-2.0111294,0.040317107,0.012217305,0.05497787
-9.548077,0.9552865,-2.267309,0.039095376,0.017104227,0.061086524
-9.598354,0.6943185,-2.3535004,-0.030543262,0.04886922,0.02565634
-9.423578,0.02873042,-2.420538,0.012217305,-0.0012217305,0.058643065
-9.210494,-0.59615624,-2.3989902,0.0061086523,-0.019547688,0.02076942
-9.002198,-0.6967127,-2.3582888,-0.007330383,-0.004886922,-0.0012217305
-9.212888,-0.7254431,-2.1978772,0.02565634,0.032986723,-0.02321288
-9.390059,-0.8571242,-2.243367,0.04886922,-0.0036651916,-0.039095376
-9.330204,-0.93134445,-2.420538,0.05375614,-0.04520403,-0.04642576
-9.23683,-0.7158663,-2.681506,0.061086524,-0.04886922,-0.04153884
-9.351752,-0.2825158,-2.6599581,0.04886922,-0.04520403,-0.021991149
-9.452309,-0.17956513,-2.695871,0.008552114,-0.042760566,-0.029321533
-9.440337,-0.21308395,-2.681506,0.0061086523,-0.058643065,-0.02687807
-9.5385,-0.17956513,-2.4516625,0.05497787,-0.065973446,-0.012217305
-9.588778,-0.055066638,-2.2601264,0.11728613,-0.05375614,-0.0036651916
-9.722853,0.1340753,-2.4133554,0.13805555,-0.036651913,0.0
-9.730036,0.18914193,-2.4660277,0.0842994,-0.02443461,-0.017104227
-9.595961,0.08619126,-2.3223755,0.030543262,-0.02443461,-0.02321288
-9.598354,0.035913024,-2.2385786,-0.019547688,-0.037873644,-0.012217305
-9.533711,-0.12449849,-2.1547816,-0.039095376,-0.05009095,-0.010995574
-9.49301,-0.1340753,-2.207454,-0.02076942,-0.05131268,-0.007330383
-9.775525,-0.29209262,-2.2936451,0.0061086523,-0.04520403,-0.019547688
-9.739613,-0.30885202,-2.4492683,0.04153884,-0.02076942,-0.019547688
-9.562442,-0.50996494,-2.3774424,0.06841691,0.0061086523,-0.004886922
-9.615114,-0.45010993,-2.231396,0.052534413,0.0012217305,0.0036651916
-9.61272,-0.36391866,-2.0111294,0.058643065,-0.0061086523,0.02443461
-9.49301,-0.1412579,-2.3511062,0.039095376,-0.013439035,0.028099801
-9.504981,-0.1436521,-2.44448,0.007330383,-0.021991149,0.029321533
-9.600749,0.033518825,-2.719813,0.02321288,-0.017104227,0.03176499
-9.701305,0.011971008,-2.8491,0.05497787,-0.015882496,0.04153884
-9.615114,-0.10534488,-2.6503813,0.039095376,-0.012217305,0.036651913
-9.61272,-0.10295067,-2.4995465,0.02687807,-0.019547688,0.058643065
-9.555259,-0.2873042,-2.3774424,0.019547688,-0.018325957,0.057421334
-9.452309,-0.4261679,-2.3630772,-0.010995574,-0.02076942,0.040317107
-9.473856,-0.4261679,-2.504335,-0.009773844,-0.02076942,0.052534413
-9.514558,-0.28491,-2.432509,0.02321288,-0.008552114,0.052534413
-9.478644,-0.05746084,-2.3127987,0.059864793,0.0061086523,0.043982297
-9.528923,-0.019153614,-2.372654,0.056199603,0.004886922,0.034208454
-9.64145,0.36391866,-2.6288335,0.0061086523,0.007330383,0.0
-9.471462,1.6208745,-3.004723,-0.013439035,0.0061086523,-0.0061086523
-9.244013,3.5122938,-3.2369606,-0.014660766,-0.002443461,-0.0036651916
-8.736442,6.1387334,-4.1036615,-0.014660766,-0.002443461,-0.0061086523
-8.418014,7.4986396,-4.2401314,-0.008552114,-0.0012217305,0.0036651916
-8.676587,8.238448,-4.5801077,-0.0012217305,-0.0012217305,0.008552114
-9.605537,9.433155,-5.2983685,0.018325957,-0.004886922,0.018325957
-9.662998,10.28549,-5.437232,0.02565634,-0.0036651916,0.029321533
-9.397242,10.25676,-4.915296,0.013439035,-0.0036651916,0.039095376
-9.267955,8.755595,-4.6351743,-0.0061086523,-0.019547688,0.035430185
-9.619903,7.015011,-4.259285,-0.029321533,-0.018325957,0.019547688
-10.474632,6.31351,-3.8402996,-0.029321533,-0.010995574,0.014660766
-11.204864,6.105214,-3.2202013,-0.010995574,-0.004886922,0.018325957
-11.243171,5.580884,-2.707842,0.02076942,0.018325957,0.019547688
-11.089942,4.1371803,-3.0095115,0.039095376,0.040317107,0.014660766
-10.9582615,2.3822308,-3.667917,0.037873644,0.043982297,0.002443461
-10.81461,1.9800048,-3.9624038,0.03176499,0.043982297,-0.010995574
-10.455479,2.2888567,-3.5769374,0.018325957,0.036651913,-0.02076942
-10.244789,2.4971523,-3.5218706,0.004886922,0.032986723,-0.012217305
-10.168175,2.1021092,-3.1124623,-0.015882496,0.03176499,-0.002443461
-9.825804,2.0853498,-2.492364,-0.03176499,0.02321288,-0.004886922
-9.483433,1.8124107,-1.7812861,-0.021991149,0.014660766,0.004886922
-8.939949,1.7884687,-1.5969325,0.0061086523,0.010995574,0.0036651916
-8.844181,2.018312,-1.6567876,0.02687807,0.0036651916,0.009773844
-9.351752,2.1045034,-2.0446482,0.028099801,0.004886922,0.015882496
-9.89763,1.2761095,-2.5809495,0.019547688,0.007330383,0.004886922
-9.698911,0.866701,-3.2609026,0.0036651916,0.0012217305,0.0
-9.076419,1.1994951,-3.4093432,-0.014660766,-0.0036651916,-0.0061086523
-9.076419,1.1994951,-3.4093432,-0.0012217305,-0.0012217305,-0.002443461
-8.544906,1.9536686,-3.0502129,0.007330383,-0.013439035,-0.009773844
-8.372523,2.9616275,-3.0430303,0.014660766,0.004886922,-0.015882496
-8.525752,2.6791117,-2.6120741,0.056199603,0.0036651916,0.0061086523
-8.631097,2.56419,-2.633622,0.057421334,0.0012217305,0.004886922
-9.093178,2.5115175,-2.5258827,0.02321288,-0.0036651916,0.0
-9.514558,2.9113493,-2.0949266,-0.013439035,-0.013439035,0.007330383
-9.330204,3.0693667,-2.1260512,-0.014660766,-0.029321533,0.015882496
-8.990228,3.6607344,-2.9113493,0.02076942,-0.04886922,0.057421334
-8.157045,4.5777135,-3.323152,0.10140363,-0.081855945,0.15760323
-7.61835,5.1235914,-3.7325604,0.16737708,-0.10995574,0.23823744
-7.5824366,4.6399627,-3.8379054,0.31764993,-0.13683382,0.4447099
-7.9224133,4.197036,-3.7972038,0.21624629,-0.15271631,0.63163465
-7.93199,4.237737,-3.550601,-0.16737708,-0.12705997,0.8173377
-7.893683,4.7907977,-2.9113493,-0.52656585,-0.05009095,1.1374311
-7.4842744,5.12838,-2.6192567,-0.69027776,0.204029,1.4404203
-7.2927384,5.2887917,-2.707842,-0.48747048,0.4447099,1.9413297
-7.16824,5.1140146,-2.8898015,-0.7098254,0.6377433,2.107485
-6.991069,5.1810527,-3.1435869,-0.5717699,0.9285152,2.1771238
-6.7492547,5.7843914,-3.1148565,-0.50823987,1.0067059,2.252871
-6.543353,5.9519854,-3.0573955,-0.43493605,1.0873401,2.3469443
-6.603208,5.7005944,-2.8299465,-0.43982297,1.1545353,2.3921483
-6.9288197,5.437232,-2.7700913,-0.5045747,1.1972959,2.4226916
-7.326257,5.556942,-2.813187,-0.6585127,1.2156218,2.3628268
-7.153875,7.1131735,-3.122039,-0.7965683,1.1814134,2.302962
-6.155493,8.305486,-2.6886885,-0.89919364,1.0458013,2.261423
-5.463568,8.226477,-2.540248,-0.9993755,0.84665924,2.211332
-5.875371,7.4603324,-2.7006595,-1.047023,0.7110472,2.1331415
-6.4260373,7.117962,-2.9113493,-0.9663888,0.56321776,2.048842
-6.6103907,6.9168487,-2.89459,-0.8368854,0.40439278,1.9278907
-6.4284315,6.9240313,-2.741361,-0.8906415,0.30298916,1.754405
-6.4547677,7.192182,-2.5713725,-0.9309586,0.1160644,1.6688838
-6.5696893,7.539341,-2.7988217,-0.9957104,0.073303826,1.6481144
-6.4044895,8.441956,-2.992752,-1.0262536,-0.02443461,1.6737708
-5.650316,7.9702973,-3.2561142,-1.0812315,-0.05375614,1.609019
-5.530606,6.88333,-3.7373488,-1.0800097,-0.037873644,1.5454891
-6.1195793,6.157887,-3.632004,-1.0274754,-0.0012217305,1.455081
-6.6654577,6.5457473,-3.311181,-0.91507614,0.04886922,1.4049901
-6.7708025,7.1586633,-2.873042,-0.73914695,0.13683382,1.391551
-6.6103907,7.836222,-2.846706,-0.5656612,0.18570304,1.3720033
-6.253655,7.433996,-2.9161377,-0.4728097,0.18692477,1.3707817
-6.303933,7.833828,-3.4763808,-0.56688297,0.22968534,1.3182472
-6.205771,7.8625584,-3.4045548,-0.7440339,0.25778514,1.2302825
-5.851429,7.5968018,-3.3494883,-0.8588765,0.19914207,1.2082914
-5.7628436,7.038953,-3.3303347,-0.88697636,0.1685988,1.1985176
-5.6886234,7.1227503,-3.1794999,-0.8381071,0.13805555,1.2596041
-5.705383,7.141904,-2.6503813,-0.6792821,0.09285152,1.3671165
-5.6407394,6.730101,-2.8203697,-0.5876524,0.08674286,1.4196508
-6.081272,6.6486983,-2.918532,-0.4654793,0.062308256,1.5210545
-6.129156,6.5218053,-3.0573955,-0.49113566,0.032986723,1.5406022
-6.042965,6.6367273,-3.394978,-0.75136423,0.04520403,1.4025466
-5.6670756,7.0365586,-3.265691,-0.7672467,0.037873644,1.3426818
-5.439626,6.7588315,-3.3662477,-0.42394048,0.040317107,1.187522
-5.7245364,6.95755,-3.6032736,0.23457226,0.3323107,0.7831292
-5.7029886,6.8905125,-3.6104562,0.32375857,1.5699236,-0.3042109
-5.693412,6.9168487,-3.5913026,-2.4825563,2.3151793,-1.4624114
-5.5521536,7.153875,-3.3446999,-3.4550538,-1.1704178,-0.81000733
-5.554548,7.467515,-3.1723173,-1.3158038,-0.88208944,-1.5479325
-5.571307,7.2664022,-3.1531637,3.0115657,-1.2791518,-5.8264327
-5.5617304,7.0485296,-3.3399115,3.9999456,-3.010344,-7.4317865
-5.829881,7.0964136,-3.4404678,2.7684412,-4.5130725,-8.395732
-5.825093,7.350199,-3.478775,1.2082914,-5.843537,-11.820243
-5.841852,7.81228,-3.4811692,2.1771238,-3.9535198,-13.920397
-5.6910176,7.668628,-3.3327289,2.5448647,-3.8386772,-14.9747505
-5.6120086,7.776367,-3.2202013,3.3377676,-4.7977357,-16.532457
-5.8107276,7.529764,-3.2489316,4.8979177,-5.180137,-18.424917
-5.8107276,7.529764,-3.2489316,10.66082,-4.891809,-11.473271
-6.0621185,7.1969705,-3.2393548,2.371379,-3.9791763,-17.338799
-6.339846,7.216124,-3.1914709,-0.07574729,-1.9767599,-16.283224
-6.1411276,7.395689,-2.8491,4.805066,-1.1398746,-12.483643
-5.949591,7.201759,-2.8514943,3.2656856,-0.9663888,-14.328455
-6.2512608,6.955156,-2.9161377,0.095294975,0.9627236,-14.227052
-6.5577183,6.7708025,-2.9759927,-3.7018435,2.3286183,-11.913094
-6.2752028,6.9120603,-3.0693667,-4.010941,3.273016,-8.897863
-5.971139,8.010999,-3.1411927,-4.445877,4.1050143,-6.663318
-5.717354,8.195353,-3.0478187,-4.1355577,4.3627996,-4.8624873
-5.7269306,7.668628,-3.4117374,-6.4348545,2.8674014,-1.5601498
-6.1243677,7.0341644,-3.5003228,-1.781283,2.026851,0.09285152
-6.167464,6.8641763,-3.3207579,0.25167647,0.5876524,0.57787853
-6.179435,6.873753,-3.1627405,0.93584555,-0.05009095,0.9627236
-6.2512608,7.3190746,-3.1316159,3.3353243,-1.7140878,1.4844025
-6.167464,7.5944076,-3.2728736,3.0799825,-2.1062634,1.3060299
-6.045359,7.9248075,-3.5817258,0.70005155,-2.5692992,0.6365216
-5.731719,7.4842744,-3.3518825,0.72082096,-2.6230555,0.59131753
-5.8442464,7.053318,-3.3135753,1.7458528,-2.7281241,0.61453044
-6.2345014,6.7708025,-3.2321723,2.3701572,-2.7635543,0.5925393
-6.38773,6.955156,-3.2848446,2.1563544,-2.8124237,0.6414085
-6.351817,7.309498,-3.2992098,2.5485299,-2.8625145,0.7281514
-6.0262055,7.335834,-3.181894,3.3805282,-2.7855456,0.7171558
-6.054936,7.0581064,-3.1268275,3.232699,-2.5925121,0.5852089
-6.3111157,6.766014,-3.145981,2.5802948,-2.420248,0.49846604
-6.315904,6.646304,-3.1555579,2.6267207,-1.8826867,0.43127087
-6.6726403,6.6893997,-3.0095115,2.4483478,-1.1582005,0.2724459
-7.0245876,6.6271505,-3.1028855,2.057394,-0.5839872,0.16737708
-7.029376,6.5337763,-2.9879637,2.1600194,-0.09407325,0.22724187
-7.079654,6.126762,-2.8395233,1.9559906,0.3323107,0.13805555
-7.103596,5.2768207,-2.8419175,0.8979719,0.40683624,-0.105068825
-7.417237,4.560954,-2.695871,0.13316862,0.15760323,-0.15515977
-7.8027034,4.757279,-3.1771057,0.12217305,-0.043982297,-0.08307768
-8.231265,5.317522,-3.2680852,-0.065973446,-0.2724459,-0.13683382
-8.497022,5.8322754,-3.3662477,-0.54367006,-0.50701815,-0.17715092
-8.408437,5.221754,-2.956839,-0.5155703,-0.535118,-0.07086037
-8.267179,4.321534,-2.813187,-0.31031954,-0.4202753,-0.015882496
-8.154651,3.3925838,-2.906561,-0.39706242,-0.32253686,-0.04153884
-8.2169,3.5003228,-2.8107927,-0.3921755,-0.18081611,0.012217305
-8.461109,3.6846764,-2.6599581,-0.1966986,0.029321533,0.047647487
-8.6574335,3.6248214,-2.7581203,-0.14905111,0.20158553,0.013439035
-8.726865,3.394978,-2.956839,-0.2932153,0.29077184,-0.0720821
-8.76996,3.2944214,-3.2992098,-0.05375614,0.43860126,-0.10873401
-9.038112,3.8498764,-3.3973722,-0.13439035,0.5326745,-0.29077184
-8.954314,4.343082,-3.3039982,-0.7452556,0.54000485,-0.4447099
-8.585608,4.4939165,-3.4763808,-1.3732251,0.6035349,-0.51923543
-8.283937,4.7740383,-3.6152446,-1.4746287,0.6939429,-0.5864306
-8.305486,4.3047748,-3.7181952,-1.5063937,0.73548174,-0.63163465
-8.540117,3.6391866,-3.5314474,-1.3646729,0.9077458,-0.64996064
-8.920795,3.394978,-3.5553896,-1.1728612,1.0201449,-0.63529986
-9.349358,3.4931402,-3.004723,-0.68539083,1.1191051,-0.7134906
-9.186552,3.8474822,-3.1028855,-0.29565877,1.1691961,-0.87598073
-8.619126,4.237737,-3.5314474,-0.752586,1.078788,-1.0494665
-8.058883,4.6662993,-3.727772,-1.4758505,0.8051204,-0.9285152
-7.8649526,4.721366,-3.5673606,-2.2272146,0.7965683,-0.8723156
-7.9391727,5.0062757,-3.6631286,-2.8893926,0.8454375,-1.0506883
-8.413225,4.5513773,-3.3997664,-2.8539624,0.88331115,-0.9639453
-8.552089,4.6136265,-2.791639,-2.048842,0.86498517,-0.8246681
-8.516175,4.8745947,-2.8323407,-1.2681563,0.7476991,-0.79045963
-8.499416,4.8243165,-2.6791117,-0.9419542,0.47891834,-0.8002335
-8.334216,4.5896845,-3.1794999,-0.95172805,0.17715092,-0.70616025
-8.319851,4.9057193,-3.4045548,-0.9334021,0.034208454,-0.59498274
-8.453926,5.2720323,-3.3303347,-1.2253957,0.015882496,-0.57543504
-8.640674,4.6902413,-3.0478187,-1.5577064,0.019547688,-0.5180137
-8.492233,4.793192,-3.679888,-1.5491543,0.043982297,-0.42638394
-8.492233,4.793192,-3.679888,-1.3292428,-0.06963864,-0.3371976
-8.401254,4.297592,-3.8977604,-1.1093313,-0.24923302,-0.2443461
-8.200141,4.249708,-4.2281604,-0.874759,-0.45570546,-0.15027285
-8.322245,3.775656,-3.7014358,-0.5888741,-0.64996064,-0.05131268
-8.652645,3.7732618,-3.608062,-0.39828414,-0.7501425,0.12583824
-8.585608,3.289633,-3.2920272,0.008552114,-0.5900958,0.29565877
-8.559271,3.3662477,-3.2728736,0.53878313,-0.36285394,0.33841935
-8.75799,3.8379054,-3.7349546,1.0421361,-0.26633725,0.40439278
-8.942344,3.8402996,-4.050989,1.2425,-0.2883284,0.5497787
-9.069236,3.4715924,-4.1132383,1.1129965,-0.42149702,0.7134906
-9.193734,2.966416,-3.8019924,0.63529986,-0.58276546,0.79901177
-9.248801,2.3630772,-3.1962593,-0.064751714,-0.73548174,0.82344633
-9.421184,2.1547816,-2.9400797,-0.7110472,-0.83077675,0.8405506
-9.330204,2.267309,-3.1316159,-0.9101892,-0.8405506,0.99204516
-9.227253,2.4660277,-3.3758245,-0.63041294,-0.7293731,1.1753048
-9.129091,2.7581203,-3.3518825,0.043982297,-0.5742133,1.3243558
-9.241618,2.6240451,-3.383007,0.5009095,-0.5119051,1.4208726
-9.533711,1.946486,-3.4117374,1.4404203,-0.43982297,1.6420058
-9.514558,1.3862427,-3.4715924,1.971873,-0.39584067,1.7776178
-9.581595,1.1420342,-3.4931402,1.8044959,-0.41416663,1.8118263
-9.512163,1.4389153,-3.181894,1.1960741,-0.42638394,1.8558086
-9.124303,1.7908629,-3.2489316,0.27000242,-0.4251622,1.8521434
-0.878672,-1.5825673,10.240001,-0.7012733,-0.38240165,1.8264871
-0.8619126,-1.4676456,10.333375,-1.2754866,-0.30665436,1.8240436
-0.8619126,-1.4676456,10.333375,-1.2388347,-0.41416663,1.858252
-1.0295067,-1.6184803,10.146626,-0.535118,-0.54000485,1.9657644
-0.8595184,-1.5873557,10.0748005,0.64751714,-0.5375614,2.172237
-0.7661445,-1.5705963,9.868899,1.7983873,-0.3885103,2.411696
-0.62488663,-1.9129672,9.787497,2.293188,-0.25167647,2.5546384
-0.7469909,-1.9249382,9.82341,2.0207422,-0.07819075,2.5961773
-0.93852705,-1.7429788,9.900024,1.0665708,0.112399206,2.5448647
-1.067814,-1.5777789,10.038888,-0.16371189,0.20158553,2.3848178
-0.9840169,-1.5849615,10.007763,-1.1349876,0.13439035,2.1038198
-0.89064306,-1.3838485,9.940725,-1.4672983,-0.20280726,1.8081611
-0.89782566,-1.2473791,10.105926,-0.7867944,-0.4642576,1.8044959
-0.7182605,-1.4891934,10.230424,0.79412484,-0.52656585,2.0769417
-0.5793968,-1.7669208,10.13705,1.953547,-0.43127087,2.324953
-0.7254431,-2.4708161,9.828198,1.9755383,-0.16249016,2.179567
-0.91219085,-2.755726,9.478644,1.8044959,-0.07941248,1.9779817
-0.8475474,-2.6001031,9.579201,2.057394,-0.34697145,2.0329595
-0.7781156,-2.1787236,9.52174,2.0280726,-0.4972443,1.9865338
-0.78529817,-1.8219875,9.375694,1.9877555,-0.39584067,1.8826867
-0.842759,-1.661576,9.528923,2.2540927,-0.40561453,1.9303342
-0.7541735,-1.7310078,9.464279,2.3677137,-0.44715336,1.9278907
-0.7086837,-1.9009962,9.442732,2.149024,-0.5045747,1.7910569
-0.8810662,-1.7788919,8.925584,1.6542231,-0.5180137,1.6420058
-0.59136784,-2.5617957,9.44752,0.9114109,-0.63529986,1.5833627
-0.4285621,-2.3989902,9.397242,-0.21624629,-0.90285885,1.2009611
-0.5602432,-2.2936451,9.40203,-0.79168135,-1.1594223,0.86742866
-0.79487497,-2.7150247,9.078813,-1.609019,-1.78617,-0.028099801
-0.6847417,-2.657564,9.188946,-0.9896017,-1.6627752,-0.40194935
-0.48841715,-2.1859062,9.25359,0.66706485,-1.097114,-0.062308256
-0.51954174,-1.9177556,9.332599,2.0292943,-0.81122905,-0.02321288
-0.59376204,-1.7405846,9.425972,2.5949554,-0.72204274,-0.37018433
-0.60812724,-1.8171991,9.509769,2.171015,-0.65118235,-0.75869465
-0.6464345,-2.1092918,9.595961,1.4966198,-0.7134906,-0.98837996
-0.5746084,-2.171541,9.679757,0.8552113,-0.8503244,-1.2388347
-0.7517793,-2.219425,9.667787,0.087964594,-0.9297369,-1.613906
-0.7015011,-2.3008277,9.528923,-0.3213151,-0.88697636,-1.8606955
-0.6751649,-2.4037786,9.49301,-0.36774087,-0.81245077,-1.9657644
-0.8523358,-2.6982653,9.270349,-0.23945917,-0.6597345,-2.0366247
-0.80684596,-2.7461493,9.363723,0.043982297,-0.5656612,-2.1099286
-0.7398083,-2.468422,9.56723,0.3885103,-0.48502702,-2.1368067
-0.6655881,-2.1284454,9.751583,0.75747293,-0.37507126,-2.048842
-0.7230489,-2.27928,9.758766,0.97005403,-0.34697145,-1.953547
-0.8690952,-2.6839,9.636662,0.8393288,-0.29565877,-1.9706513
-0.8714894,-2.3774424,9.662998,0.4166101,-0.23579398,-1.9999728
-0.92895025,-2.1859062,9.679757,-0.06352998,-0.2284636,-1.9938642
-0.89064306,-2.2744915,9.689334,-0.3371976,-0.089186326,-1.8753563
-0.8619126,-2.2457612,9.835381,-0.3408628,0.105068825,-1.6371188
-0.92655605,-2.2002714,9.871294,-0.30176744,0.17959438,-1.4257594
-0.81402856,-2.3439236,9.773131,-0.56688297,0.22235495,-1.2913691
-0.8858546,-2.2002714,9.76116,-1.0458013,0.16249016,-1.2608259
-0.79487497,-2.1739352,9.691729,-1.3121386,0.19425514,-1.1899655
-0.9744401,-2.1547816,9.533711,-0.8491027,0.28710666,-0.89675015
-0.9552865,-2.408567,9.435549,-0.05375614,0.32986724,-0.49480084
-0.866701,-2.3870192,9.478644,1.1936307,0.37384954,-0.040317107
-0.7015011,-2.1906946,9.483433,2.1099286,0.4129449,0.33353242
-0.8331822,-2.2744915,9.555259,2.3652701,0.516792,0.30787608
-0.8379706,-2.348712,9.557653,2.2650883,0.5742133,0.15149458
-0.79248077,-2.1260512,9.715671,1.9694295,0.5143485,0.02687807
-0.7637503,-1.9201498,9.710882,2.112372,0.3811799,0.25289822
-0.6512229,-2.1045034,9.7324295,2.4984388,0.35918877,0.4202753
-0.8475474,-2.2577322,9.512163,2.6597073,0.35185838,0.31887165
-0.9935937,-2.408567,9.552865,2.3371704,0.26511553,0.16371189
-0.6967127,-2.1883004,9.7084875,1.9511036,0.12095132,-0.004886922
-0.78769237,-2.2146366,9.634268,1.6383406,0.04886922,-0.23701571
-0.94810385,-2.408567,9.586384,1.5161675,-0.018325957,-0.35308012
-0.82599956,-2.3343468,9.713276,1.7299703,-0.07941248,-0.40683624
-0.79008657,-2.1212628,9.9550905,2.1270328,0.02321288,-0.38362336
-0.80205756,-2.0518308,9.871294,2.2773056,-0.02321288,-0.42760566
-0.79008657,-2.1308396,9.928755,2.3518312,-0.07941248,-0.5717699
-0.79726917,-2.2337902,9.787497,2.3383923,-0.089186326,-0.6035349
-0.7422025,-2.3223755,9.856929,2.239432,-0.13072516,-0.64751714
-0.8690952,-2.456451,9.586384,2.1160371,-0.19914207,-0.6072
-1.0199299,-2.5737667,9.323022,1.8240436,-0.35430184,-0.64751714
-1.0199299,-2.5737667,9.323022,1.6969837,-0.50335294,-0.7648033
-0.6368576,-2.030283,9.361329,1.9242256,-0.5571091,-0.7623598
-0.5770026,-1.6017209,9.476251,2.144137,-0.5644395,-0.7672467
-0.8355764,-2.1140802,9.586384,2.0451767,-0.5766568,-0.8332202
-0.9888053,-2.8514943,9.3661175,1.813048,-0.64751714,-0.83199847
-0.8403648,-2.4660277,9.509769,1.4941764,-0.71837753,-0.8185594
-0.59855044,-1.9201498,9.674969,1.1887437,-0.7770206,-0.82711154
-0.51475334,-0.1436521,10.072407,0.9993755,-0.8258898,-0.83077675
-0.6607997,-2.3822308,9.773131,1.0079277,-0.8173377,-0.7867944
-0.7685388,-3.4524388,9.062054,1.1435398,-0.7635816,-0.7415904
-0.78529817,-1.5514427,9.739613,1.2144,-0.7122689,-0.6976081
-0.94810385,-2.15957,9.588778,1.1215485,-0.7049385,-0.68661255
-1.151611,-2.7964275,9.248801,0.9407325,-0.7012733,-0.7122689
-1.0654198,-2.4947581,9.390059,0.8417723,-0.7086037,-0.71837753
-1.1994951,-2.2577322,9.440337,0.6988298,-0.7257079,-0.7147123
-1.1492168,-2.1308396,9.437943,0.71959925,-0.66950834,-0.6621779
-0.93134445,-2.2529438,9.662998,0.625526,-0.61941737,-0.5925393
-0.9696517,-2.327164,9.742006,0.49357912,-0.59742624,-0.5644395
-4.560954,-4.1252093,7.8170686,0.4447099,-0.5839872,-0.58032197
1.6328455,-1.9536686,11.63582,0.52778757,-0.54000485,-0.5717699
-0.81881696,-1.1827357,9.368511,0.7770206,-0.45570546,-0.5143485
-0.91458505,-2.89459,10.0341,0.8979719,-0.39950588,-0.45814893
-1.3910311,-2.2098482,9.52174,0.8417723,-0.3811799,-0.42271876
-1.5705963,-2.1332338,9.576807,0.6963864,-0.40683624,-0.43371433
-1.2569559,-1.3790601,9.320627,0.5742133,-0.41172317,-0.42149702
-1.7046716,-1.2162545,10.070012,0.52290064,-0.39828414,-0.3848451
-0.7326257,-3.0334535,10.000581,0.42149702,-0.39095375,-0.37140608
-0.49559975,-4.6950297,9.799467,0.34574974,-0.37751472,-0.36041048
-1.541866,-2.303222,8.355764,0.3005457,-0.35430184,-0.3640757
-1.541866,-1.3120226,9.981427,0.4007276,-0.30665436,-0.34574974
-0.1604115,-1.6759412,9.674969,0.5216789,-0.26267207,-0.32742378
-0.30166942,-2.267309,9.454702,0.59986967,-0.21135938,-0.30543262
-0.5746084,-2.219425,9.555259,0.56077427,-0.19547687,-0.29810223
-0.56982,-1.7932571,9.770737,0.40561453,-0.172264,-0.25534168
-0.6871359,-2.1523874,9.65821,0.35430184,-0.14049901,-0.23090707
-0.94092125,-2.585738,9.440337,0.26633725,-0.1282817,-0.22602014
-1.1947067,-2.717419,9.375694,0.26389378,-0.12217305,-0.22479841
-1.1947067,-2.5067291,9.399636,0.34208453,-0.08307768,-0.19547687
-1.0965444,-2.207454,9.461885,0.39095375,-0.04886922,-0.17104226
-1.2258313,-2.15957,9.536105,0.32986724,-0.04153884,-0.15271631
-1.2808979,-2.1284454,9.720459,0.26267207,-0.06963864,-0.15882497
-1.1468226,-2.2625206,9.866506,0.25045475,-0.0720821,-0.16249016
-1.0486604,-2.432509,9.787497,0.30543262,-0.062308256,-0.12583824
-0.9768343,-2.4349031,9.909601,0.30543262,-0.0720821,-0.095294975
-1.0606314,-2.3463178,9.94312,0.24190263,-0.08307768,-0.09285152
-1.0366893,-2.3942018,9.940725,0.21380283,-0.08307768,-0.07941248
-1.0869676,-2.3558946,9.7084875,0.16615535,-0.087964594,-0.05131268
-1.2425907,-2.4899697,9.742006,0.15027285,-0.07086037,-0.06352998
-1.2425907,-2.4253263,9.55047,0.2602286,-0.043982297,-0.07696902
-0.91697925,-2.3798366,9.572019,0.54244834,0.002443461,-0.029321533
-0.9792285,-2.2242134,9.598354,0.81245077,0.0061086523,-0.1563815
-0.7445967,-2.0805612,9.8042555,0.408058,-0.11362094,-0.32375857
-0.9648633,-2.2122424,9.68694,0.3213151,-0.12705997,-0.11484267
-1.1587936,-2.4732103,9.605537,0.41905355,-0.103847094,-0.081855945
-1.1204864,-2.1380222,9.64145,0.49235737,-0.10995574,-0.062308256
-1.1587936,-1.970428,9.615114,0.45570546,-0.14172074,0.039095376
-1.0055647,-2.030283,9.583989,0.29565877,-0.15882497,0.105068825
-1.1204864,-2.2984335,9.363723,0.2602286,-0.15882497,0.18448131
-1.1252748,-2.2170308,9.299079,0.38240165,-0.14905111,0.19058995
-0.9864111,-2.2361844,9.387665,0.376293,-0.13439035,0.17104226
-1.0414777,-2.1859062,9.495404,0.31764993,-0.13561209,0.16615535
-1.0486604,-2.1260512,9.43076,0.12339478,-0.07941248,0.0
-0.9888053,-1.9393034,9.440337,0.034208454,-0.08552113,0.013439035
-0.8882488,-2.0111294,9.655815,-0.05497787,-0.09407325,0.02321288
-1.0414777,-2.123657,9.545682,-0.15027285,-0.095294975,0.035430185
-1.0654198,-2.2625206,9.3733,-0.18692477,-0.08552113,0.04886922
-1.091756,-2.3319526,9.308656,-0.11484267,-0.06719518,0.07696902
-1.0055647,-2.4061728,9.416395,-0.004886922,-0.04153884,0.09773844
-1.0055647,-2.4061728,9.416395,0.010995574,-0.028099801,0.095294975
-0.7158663,-2.1380222,9.428367,-0.019547688,-0.02443461,0.09407325
-1.0223241,-2.3247697,9.421184,0.0,-0.021991149,0.06841691
-1.4149733,-2.468422,9.502586,-0.009773844,-0.02076942,0.06352998
-1.3239936,-2.396596,9.61272,-0.06963864,-0.02076942,0.062308256
-1.3072342,-2.3798366,9.593566,-0.08552113,-0.028099801,0.052534413
-1.1061212,-2.4013844,9.64145,-0.052534413,-0.030543262,0.039095376
-1.2593501,-2.2697031,9.610326,-0.040317107,-0.02687807,0.03176499
-1.4437037,-2.2601264,9.574412,-0.073303826,-0.02565634,0.029321533
-1.508347,-2.3822308,9.459491,-0.09773844,-0.028099801,0.04642576
-1.3958195,-2.4396915,9.545682,-0.08552113,-0.02076942,0.042760566
-1.3359646,-2.3343468,9.488221,-0.09285152,-0.014660766,0.018325957
-1.2665327,-2.2984335,9.595961,-0.105068825,-0.019547688,-0.010995574
-1.2138603,-2.4013844,9.478644,-0.103847094,-0.02076942,-0.02321288
-1.1300632,-2.5450363,9.457097,-0.08674286,-0.009773844,-0.0061086523
-1.0654198,-2.4396915,9.631873,-0.02687807,0.004886922,0.013439035
-1.0319009,-2.2601264,9.617508,-0.012217305,0.010995574,0.012217305
-1.2593501,-2.2577322,9.528923,-0.05131268,-0.0036651916,0.014660766
-1.13964,-2.2529438,9.543288,-0.09285152,-0.018325957,0.021991149
-1.1611878,-2.1811178,9.404425,-0.13072516,-0.028099801,0.0061086523
-1.2976574,-2.5498247,9.481039,-0.19058995,-0.040317107,-0.004886922
-1.1468226,-2.2720973,9.497798,-0.17104226,-0.037873644,0.02443461
-1.2162545,-2.1404164,9.564836,-0.089186326,-0.010995574,0.04520403
-1.2138603,-2.3343468,9.514558,-0.015882496,0.009773844,0.03176499
-8.307879,0.581791,7.2927384,-0.007330383,0.008552114,0.02443461
1.5035586,-4.8602295,8.334216,0.0012217305,0.010995574,0.037873644
-1.1827357,-3.2154129,9.131485,0.02565634,0.014660766,0.028099801
-1.4269443,-2.327164,9.97185,0.012217305,0.015882496,0.029321533
-0.45010993,-2.3774424,10.079589,-0.015882496,0.0061086523,0.02565634
-0.6751649,-2.4109612,10.268731,-0.040317107,0.0012217305,0.007330383
-0.6703765,-2.2936451,10.398018,-0.07819075,-0.008552114,-0.014660766
-2.1260512,-2.4301147,9.572019,-0.12217305,-0.02321288,-0.015882496
-1.7741034,-2.4779987,9.698911,-0.089186326,-0.018325957,0.007330383
-0.7637503,-2.9161377,9.440337,-0.0012217305,-0.0012217305,0.029321533
-0.9935937,-3.2561142,9.064447,0.042760566,0.02565634,0.02321288
-1.2138603,-3.2728736,9.114726,-0.08674286,0.009773844,0.039095376
-1.151611,-2.5761611,9.378088,-0.035430185,-0.0012217305,0.007330383
-1.0654198,-2.111686,9.459491,0.036651913,0.017104227,-0.009773844
-0.9864111,-2.2361844,9.722853,0.02076942,0.014660766,-0.010995574
-0.8571242,-2.207454,9.758766,0.0061086523,0.015882496,-0.02687807
-0.80445176,-2.2960393,9.773131,0.0012217305,0.02321288,-0.029321533
-0.91937345,-2.3750482,9.7563715,-0.010995574,0.018325957,-0.02321288
-1.1731589,-2.3702598,9.435549,0.002443461,0.029321533,0.002443461
-1.1468226,-2.5498247,9.306262,-0.13316862,0.02076942,0.017104227
-1.3383588,-2.4301147,9.198523,-0.10995574,0.0,0.02565634
-1.3431472,-2.504335,9.313444,-0.009773844,0.021991149,0.013439035
-1.1923125,-2.5713725,9.358934,0.015882496,0.021991149,0.0012217305
-1.292869,-2.6288335,9.272743,-0.004886922,0.02321288,-0.012217305
-1.2952632,-2.7389667,9.562442,-0.017104227,0.02321288,-0.021991149
-1.2473791,-2.6431987,9.600749,-0.017104227,0.030543262,-0.018325957
-1.1851299,-2.5785553,9.734824,0.030543262,0.035430185,-0.0061086523
-1.1204864,-2.5953147,9.765948,0.05131268,0.036651913,-0.004886922
-1.0845734,-2.5570073,9.643845,0.061086524,0.028099801,0.012217305
-1.2258313,-2.7700913,9.44752,0.09773844,0.032986723,0.028099801
-1.2593501,-2.755726,9.478644,0.12217305,0.05131268,0.036651913
-1.3144168,-2.6264393,9.572019,0.07452556,0.04642576,0.04153884
-1.2018893,-2.4732103,9.646238,0.056199603,0.04153884,0.02321288
-1.1372458,-2.3750482,9.7803135,0.04153884,0.036651913,-0.012217305
-1.2545617,-2.585738,9.595961,0.018325957,0.034208454,-0.02687807
-1.2856863,-2.6312277,9.528923,-0.02321288,0.029321533,-0.035430185
-1.2306197,-2.681506,9.454702,-0.042760566,0.02076942,-0.030543262
-1.1204864,-2.6719291,9.49301,-0.035430185,0.02076942,-0.039095376
-1.127669,-2.5378537,9.464279,-0.13439035,0.014660766,-0.05375614
-1.2473791,-2.432509,9.421184,-0.16737708,-0.0061086523,-0.02443461
-1.2162545,-2.3822308,9.516952,-0.06719518,0.012217305,-0.012217305
-1.067814,-2.3223755,9.533711,-0.04520403,0.014660766,-0.009773844
-1.3000516,-2.2625206,9.502586,-0.035430185,0.0,-0.012217305
-1.2497733,-2.3056161,9.464279,0.0061086523,0.02076942,-0.02687807
-1.103727,-2.3630772,9.504981,0.02443461,0.039095376,-0.04886922
-1.067814,-2.4827871,9.445126,0.02321288,0.036651913,-0.05497787
-1.0175357,-2.44448,9.368511,0.040317107,0.040317107,-0.04153884
-1.0175357,-2.44448,9.368511,0.073303826,0.052534413,0.0
-1.0462662,-2.3535004,9.337387,-0.037873644,0.06719518,0.05375614
-1.1899183,-2.432509,9.375694,-0.21380283,0.02443461,0.07696902
-1.2521675,-2.5905263,9.294291,-0.3640757,-0.015882496,0.04886922
-1.1779473,-2.291251,9.41879,-0.53023106,-0.10262536,-0.037873644
-1.1228806,-2.1883004,9.502586,-0.23823744,0.007330383,0.007330383
-1.2066777,-2.336741,9.576807,0.06841691,0.06963864,0.061086524
-1.0893618,-2.5905263,9.507375,0.0720821,0.05497787,0.04642576
-1.1587936,-2.693477,9.437943,0.047647487,0.043982297,0.02443461
-1.1587936,-2.4971523,9.440337,0.10873401,0.04520403,0.057421334
-1.0941502,-2.516306,9.375694,0.27855456,0.089186326,0.13072516
-1.091756,-2.2385786,9.334992,0.3555236,0.1001819,0.1160644
-1.1947067,-2.2290018,9.370906,0.3885103,0.08552113,0.07574729
-1.0965444,-2.3870192,9.466674,0.312763,0.05009095,0.052534413
-1.292869,-2.4420857,9.423578,0.02565634,0.02565634,0.06719518
-1.2976574,-2.4851813,9.440337,-0.04886922,-0.007330383,0.039095376
-0.9935937,-2.1380222,9.758766,0.002443461,-0.0012217305,0.08552113
-1.2545617,-2.054225,9.466674,0.035430185,-0.0061086523,0.05375614
-2.6527755,-4.003105,2.4588451,0.18570304,0.021991149,0.047647487
2.3104045,-3.406949,7.9391727,0.22724187,0.021991149,0.007330383
-0.12449849,-1.9608512,9.428367,0.12461651,-0.004886922,-0.059864793
-1.484405,-2.087744,10.228029,0.057421334,-0.009773844,-0.080634214
-1.4556746,-2.0446482,10.0508585,0.034208454,-0.010995574,-0.065973446
-0.92176765,-2.2697031,10.060435,0.12339478,0.0,-0.043982297
-2.291251,-3.8642416,9.361329,0.2003638,0.008552114,-0.028099801
-1.0606314,-2.815581,9.653421,0.18692477,0.0012217305,-0.034208454
-0.81402856,-2.8179753,9.603143,0.1160644,-0.009773844,-0.06352998
